<?xml version="1.0" encoding="UTF-8" standalone="yes"?>
<manifest>
  <control namespace="CustomerAdvocacy" constructor="CopyTextToClipboardComponent" version="0.0.1" display-name-key="CopyTextToClipboardComponent" description-key="CopyTextToClipboardComponent description" control-type="standard" api-version="1.3.3">
    <type-group name="strings">
      <type>SingleLine.Text</type>
    </type-group>
    <property name="Value" display-name-key="Value_Display_Key" description-key="Value_Desc_Key" of-type="SingleLine.Text" usage="bound" required="false" default-value=""/>
    <external-service-usage enabled="false"/>
    <resources>
      <code path="bundle.js" order="1"/>
      <css path="css/CopyTextToClipboardComponent.css" order="1"/>
    </resources>
    <built-by name="pac" version="1.9.4"/>
  </control>
</manifest>